Metric,Value
Group 1 (Sad=1) p1,0.2760768033212247
Group 0 (Sad=0) p0,0.16180257510729615
Estimated Difference (p1-p0),0.11427422821392855
Z-statistic,15.053641031321341
P-value,3.2674477555382817e-51
95% CI Lower,0.10763675214850901
95% CI Upper,0.12091170427934808
