"Sad (1=Yes, 0=No)",Sample Size (n),Proportion (p)
0.0,9320,0.16180257510729615
1.0,3854,0.2760768033212247
